sLabel,sArea,sVolum,sPerim,sFeret,sMajor,sMinor,sSolid,sRound,sCircl,sY,sX,sCore,s_cLabel,s_cArea,s_cVolum,s_cPerim,s_cFeret,s_cMajor,s_cMinor,s_cSolid,s_cRound,s_cCircl,s_csRatio,s_csDist
13,846992.652,586385556.275,3558.872,1276.951,1284.358,841.011,0.990,0.654,0.840,745.418,3056.966,2,"[15, 22]",223171.792,79318056.548,1765.669,574.045,569.375,501.318,0.983,0.877,0.899,0.135,246.640
14,389877.408,183128485.866,2318.374,730.398,717.393,692.085,0.988,0.965,0.912,745.418,5413.690,1,[16],218834.782,77008439.885,1727.865,550.115,536.403,519.622,0.985,0.968,0.921,0.421,7.529
15,446230.198,224234398.872,2485.093,772.606,756.810,750.847,0.988,0.992,0.908,768.006,6505.464,1,[18],226771.794,81235780.057,1759.810,554.171,544.807,530.054,0.986,0.973,0.920,0.362,7.529
16,406318.363,194833429.348,2423.787,759.320,736.970,702.421,0.984,0.953,0.869,737.888,8222.183,1,[17],217190.686,76142230.718,1719.044,550.115,537.478,514.691,0.986,0.957,0.924,0.391,0.000
17,475427.067,246598059.740,2573.620,802.693,787.123,769.399,0.988,0.977,0.902,843.301,760.477,1,[19],228472.583,82151394.014,1772.285,550.888,540.057,538.690,0.983,0.997,0.914,0.333,0.000
18,457001.859,232402475.539,2519.622,788.009,778.021,748.170,0.988,0.961,0.905,858.360,7454.177,1,[20],228189.118,81998554.236,1766.047,555.193,544.178,533.914,0.985,0.981,0.919,0.353,7.529
19,450312.091,227318201.810,2498.325,787.181,774.962,740.102,0.988,0.955,0.907,865.889,9682.901,1,[21],237770.226,87216771.684,1800.576,570.503,556.681,543.922,0.986,0.977,0.922,0.384,0.000
20,439256.966,218998825.732,2440.673,776.120,754.139,742.021,0.990,0.983,0.927,865.889,4065.915,1,[23],223143.446,79293940.893,1744.751,549.703,537.472,528.664,0.985,0.984,0.921,0.362,7.529
21,456718.394,232186280.495,2515.211,779.909,763.326,761.906,0.987,0.998,0.907,1121.891,2093.193,1,[24],227792.267,81784737.995,1759.810,553.711,543.387,533.807,0.987,0.982,0.924,0.352,0.000
22,433474.285,214688513.333,2440.673,771.578,750.463,735.754,0.989,0.980,0.914,1152.009,4788.744,1,[25],222576.516,78991945.637,1740.340,544.886,534.257,530.478,0.986,0.993,0.923,0.368,0.000
24,445549.883,223721798.135,2478.855,776.120,760.915,745.630,0.988,0.980,0.911,1287.540,8937.483,1,[27],226941.873,81327187.443,1759.810,550.115,539.787,535.367,0.985,0.992,0.921,0.364,10.648
25,463294.776,237219237.188,2528.443,787.757,773.122,763.134,0.988,0.987,0.911,1302.599,5933.224,1,[28],226885.180,81296714.507,1755.399,553.711,542.266,532.782,0.987,0.982,0.925,0.343,0.000
26,433020.741,214351659.009,2455.732,767.009,746.244,739.046,0.986,0.990,0.902,1355.305,1347.775,1,[29],223993.840,79747653.392,1749.162,548.154,539.087,529.079,0.986,0.981,0.920,0.372,0.000
27,480132.582,250268140.841,2566.625,800.606,783.718,780.151,0.990,0.995,0.916,1438.129,10375.612,1,[30],253190.708,95837493.365,1853.817,586.816,577.118,558.621,0.988,0.968,0.926,0.383,10.648
28,857027.304,596837067.319,3588.990,1274.795,1301.449,840.384,0.990,0.644,0.836,1573.660,7085.233,2,"[31, 35]",226346.597,81019761.614,1782.933,575.770,574.170,505.397,0.985,0.875,0.895,0.136,245.932
29,447874.294,225474797.228,2483.266,776.741,763.963,746.589,0.989,0.977,0.913,1475.777,3456.028,1,[32],226941.873,81327187.443,1750.988,552.327,539.189,535.931,0.988,0.994,0.930,0.361,7.529
30,414595.533,200817117.152,2394.739,752.834,738.845,714.859,0.987,0.967,0.908,1603.778,2703.080,1,[33],211578.084,73209901.192,1693.336,535.440,521.554,516.545,0.987,0.990,0.927,0.365,7.529
31,823465.078,562123290.325,3466.822,1258.886,1276.785,822.674,0.991,0.643,0.861,1874.839,9622.665,2,"[34, 42]",220450.531,77865189.155,1743.681,570.397,570.497,495.419,0.986,0.863,0.911,0.139,241.061
32,479508.959,249780706.297,2571.036,805.689,784.802,778.251,0.989,0.991,0.912,1701.661,8101.712,1,[36],237486.762,87060851.133,1796.165,569.559,558.058,541.901,0.987,0.971,0.925,0.349,0.000
33,468056.984,240886185.508,2539.091,789.554,772.679,771.457,0.989,0.998,0.912,1792.014,5323.337,1,[37],237089.911,86842718.658,1802.403,564.359,553.835,545.092,0.984,0.984,0.917,0.361,0.000
34,488919.989,257170109.546,2614.386,822.231,800.907,777.511,0.988,0.970,0.899,1837.191,4404.741,1,[38],236806.446,86687021.463,1791.755,566.515,552.989,545.254,0.987,0.986,0.927,0.337,7.529
35,427861.683,210532376.624,2425.614,764.974,749.085,727.390,0.988,0.971,0.914,1987.781,6317.227,1,[39],214299.346,74626842.683,1716.460,536.921,524.236,520.534,0.982,0.993,0.914,0.354,0.000
37,506097.952,270841786.794,2642.990,824.400,808.101,797.696,0.988,0.987,0.910,2100.723,11196.325,1,[41],267420.639,104029421.272,1917.707,603.345,592.146,575.085,0.986,0.971,0.914,0.384,10.648
38,472705.805,244483865.929,2556.734,796.738,778.890,773.321,0.988,0.992,0.909,2191.076,1370.364,1,[43],237600.148,87123208.194,1796.165,564.911,554.527,545.568,0.987,0.984,0.925,0.356,0.000
39,444075.866,222612505.633,2485.093,770.990,758.998,745.178,0.987,0.981,0.904,2221.194,8696.540,1,[44],228699.355,82273734.126,1761.637,552.275,541.029,538.272,0.986,0.995,0.926,0.370,0.000
40,482116.835,251821174.621,2584.268,802.799,792.264,775.330,0.988,0.978,0.907,2228.724,10413.260,1,[45],237656.841,87154392.304,1796.165,565.864,553.404,546.879,0.988,0.988,0.926,0.346,10.648
41,473045.963,244747808.192,2562.971,799.721,781.027,771.551,0.989,0.987,0.905,2243.783,2281.430,1,[46],232724.554,84455339.151,1776.696,558.807,545.820,542.899,0.987,0.995,0.926,0.345,7.529
42,829361.145,568171346.456,3561.769,1314.578,1337.747,791.881,0.989,0.590,0.822,2484.726,3267.791,2,"[47, 51]",217474.151,76291672.586,1733.346,563.730,558.833,497.065,0.985,0.887,0.910,0.134,266.682
43,441808.148,220909494.794,2470.791,771.468,758.222,742.112,0.988,0.978,0.909,2447.078,4916.745,1,[48],220592.263,77937992.340,1735.930,543.480,532.534,527.433,0.986,0.990,0.920,0.353,7.529
44,482570.378,252176603.205,2575.447,805.794,792.251,775.714,0.989,0.979,0.914,2477.196,5729.928,1,[50],228245.811,82029114.601,1770.458,553.967,542.854,535.400,0.984,0.986,0.915,0.325,7.529
45,431660.111,213342154.590,2442.500,763.601,746.075,736.896,0.988,0.987,0.909,2454.608,7958.652,1,[49],222633.209,79022127.875,1744.751,547.533,536.974,527.971,0.986,0.983,0.919,0.370,0.000
46,455017.605,230890519.657,2508.973,781.362,765.620,756.974,0.989,0.988,0.908,2657.904,4171.327,1,[52],223596.989,79535813.511,1746.578,553.711,542.951,524.352,0.986,0.966,0.921,0.344,0.000
47,449631.775,226803260.121,2489.504,798.870,787.807,726.865,0.988,0.922,0.912,2665.433,6663.583,1,[53],237430.069,87029678.185,1802.403,593.731,581.158,520.397,0.986,0.895,0.918,0.384,7.529
48,468567.220,241280183.764,2541.675,792.171,775.439,769.819,0.989,0.992,0.911,2733.198,11648.093,1,[54],266740.323,103632699.171,1909.643,597.870,588.693,577.016,0.987,0.980,0.919,0.430,15.059
49,463918.398,237698365.220,2554.150,802.092,784.347,753.421,0.984,0.960,0.894,2785.905,9246.192,1,[55],234595.421,85475784.920,1797.992,559.668,550.214,542.920,0.985,0.987,0.912,0.360,7.529
51,467886.905,240754900.460,2547.912,798.621,778.629,765.597,0.987,0.983,0.906,2868.729,948.713,1,[57],233121.405,84671455.837,1787.344,559.618,549.491,540.205,0.985,0.983,0.917,0.352,7.529
52,439993.974,219550228.405,2474.445,767.009,757.414,739.857,0.987,0.977,0.903,2883.788,10895.146,1,[58],223370.217,79414846.507,1747.335,549.703,536.511,530.169,0.985,0.988,0.919,0.362,0.000
53,491811.329,259454730.456,2602.981,807.165,794.342,788.477,0.989,0.992,0.912,2936.494,10029.257,1,[59],232611.168,84393625.350,1782.933,559.618,546.150,542.440,0.986,0.993,0.920,0.325,7.529
54,442204.999,221207206.907,2472.618,768.633,750.584,750.320,0.989,0.999,0.909,2959.082,1957.663,1,[60],224730.848,80141568.277,1750.988,546.756,536.348,533.495,0.986,0.995,0.921,0.362,7.529
55,426954.596,209863223.575,2425.614,767.415,747.184,727.954,0.989,0.974,0.912,2966.612,7386.412,1,[61],222349.744,78871255.130,1744.751,547.533,536.062,528.215,0.984,0.985,0.918,0.376,0.000
56,462784.539,236827463.105,2521.449,793.029,772.219,763.200,0.989,0.988,0.915,3064.495,8515.833,1,[62],231137.151,83592715.848,1774.869,557.893,545.646,539.371,0.986,0.988,0.922,0.353,10.648
57,457568.788,232835066.787,2515.211,784.692,765.018,761.771,0.989,0.995,0.909,3222.614,3629.206,1,[64],224163.919,79838499.393,1746.578,549.703,539.570,528.973,0.985,0.980,0.923,0.343,0.000
58,831572.170,570444924.045,3495.426,1243.845,1259.022,842.049,0.988,0.668,0.855,3252.732,4931.804,2,"[63, 66]",222179.666,78781547.043,1754.329,573.961,572.125,496.706,0.984,0.865,0.907,0.138,234.201
59,1356435.488,1188399651.282,4425.924,1483.936,1462.820,1189.875,0.990,0.807,0.870,3523.793,6196.755,3,"[65, 73, 74]",228056.835,81928420.984,1786.169,591.473,576.156,508.459,0.985,0.876,0.898,0.069,318.212
60,447080.593,224875699.462,2485.093,772.643,758.726,750.338,0.988,0.989,0.910,3365.674,2838.611,1,[67],224333.998,79929379.865,1755.399,553.711,542.564,526.475,0.984,0.970,0.915,0.355,0.000
61,442375.078,221334838.720,2459.386,770.402,753.447,747.825,0.989,0.992,0.919,3493.675,1400.482,1,[68],218608.010,76888768.663,1729.692,541.128,530.346,524.856,0.985,0.990,0.918,0.347,7.529
62,424119.948,207776702.812,2425.614,762.003,751.246,718.997,0.988,0.957,0.906,3493.675,11610.446,1,[69],248145.036,92986989.623,1841.342,586.381,574.206,550.582,0.985,0.958,0.920,0.448,7.529
64,430129.401,212208362.518,2436.262,765.825,756.306,724.328,0.988,0.957,0.911,3553.911,9170.897,1,[71],230059.985,83009047.812,1776.696,576.288,563.284,520.056,0.985,0.923,0.916,0.391,0.000
65,809348.534,547730817.855,3466.248,1257.151,1279.105,806.737,0.991,0.630,0.846,3764.736,10819.851,2,"[72, 81]",218834.782,77010814.173,1738.292,567.714,560.753,499.016,0.985,0.886,0.910,0.141,250.345
66,434381.372,215362750.701,2451.321,758.984,745.953,741.527,0.989,0.994,0.908,3696.971,8079.123,1,[75],235105.658,85754796.593,1793.582,563.152,550.354,544.087,0.986,0.988,0.918,0.398,10.648
67,457625.481,232878340.659,2519.622,785.162,770.341,756.620,0.987,0.982,0.906,3719.559,2145.900,1,[76],228472.583,82151394.014,1770.458,554.171,543.145,535.659,0.985,0.986,0.916,0.353,0.000
68,472025.490,243956266.284,2549.739,805.126,790.449,760.495,0.989,0.962,0.912,3734.618,7303.588,1,[77],240378.102,88655595.842,1813.051,585.946,572.334,534.832,0.986,0.934,0.919,0.363,0.000
69,444075.866,222612505.633,2492.622,777.397,764.668,739.824,0.987,0.967,0.898,3757.207,9908.785,1,[78],226715.101,81205318.544,1759.810,557.028,545.871,529.052,0.985,0.969,0.920,0.365,0.000
70,890135.986,631754491.854,3613.314,1297.256,1308.965,866.746,0.989,0.661,0.857,4020.738,700.241,2,"[79, 86]",227338.724,81564459.234,1775.626,575.670,575.129,506.087,0.985,0.875,0.906,0.129,242.409
71,937417.905,682753078.409,3717.970,1323.346,1334.724,895.192,0.990,0.670,0.852,4058.385,4133.680,2,"[80, 87]",231278.884,83669619.951,1800.954,582.886,580.042,510.421,0.982,0.875,0.896,0.123,240.833
72,424516.799,208068397.190,2425.614,761.371,744.189,726.546,0.987,0.976,0.907,3990.620,3282.850,1,[82],222746.595,79082503.878,1746.578,557.028,546.541,518.999,0.985,0.949,0.918,0.380,7.529
74,454393.983,230416013.311,2804.985,966.973,857.895,702.710,0.931,0.786,0.726,4035.797,4992.040,1,[83],209083.594,71919015.991,1682.688,536.075,524.442,507.658,0.986,0.968,0.928,0.312,31.945
75,447023.900,224832927.099,2485.093,779.946,761.316,747.903,0.988,0.982,0.910,4186.386,8726.658,1,[84],232724.554,84455339.151,1787.344,559.060,546.482,542.248,0.985,0.992,0.915,0.376,0.000
76,522425.521,284053652.114,2673.108,840.405,824.433,807.205,0.990,0.979,0.919,4254.152,11761.035,1,[85],260787.564,100183019.154,1879.525,600.520,589.752,563.068,0.989,0.955,0.928,0.353,15.059
77,464598.714,238221417.740,2528.443,795.705,774.522,764.009,0.988,0.986,0.913,4314.387,1648.954,1,[88],224957.620,80262902.962,1750.988,552.275,542.479,528.012,0.986,0.973,0.922,0.337,7.529
78,437159.327,217431981.048,2597.278,816.974,771.857,723.967,0.976,0.934,0.814,4374.623,9464.546,1,[89],223540.296,79505566.007,1742.924,557.028,548.396,519.058,0.987,0.946,0.925,0.366,7.529
79,497027.080,263593003.045,2611.802,822.058,806.842,784.445,0.990,0.972,0.916,4412.271,2560.020,1,[90],232667.861,84424480.371,1787.344,560.680,551.909,536.784,0.984,0.973,0.915,0.320,7.529
80,863320.221,603422736.894,3569.521,1281.338,1290.834,852.710,0.991,0.660,0.851,4638.155,5556.750,2,"[91, 98]",228727.701,82307425.171,1799.418,576.064,572.254,511.701,0.978,0.890,0.888,0.136,240.772
81,478431.793,248939520.348,2562.971,800.252,781.717,779.652,0.989,0.997,0.915,4464.977,10390.671,1,[93],234311.957,85320909.450,1791.755,562.497,551.743,540.770,0.985,0.980,0.917,0.343,0.000
82,440277.439,219762429.396,2463.796,773.486,760.296,737.532,0.988,0.970,0.911,4464.977,8003.829,1,[92],224560.769,80050607.425,1749.162,553.711,541.675,527.891,0.986,0.974,0.922,0.364,7.529
83,471912.104,243868369.954,2543.502,792.922,777.909,772.703,0.990,0.993,0.917,4592.978,6437.699,1,[94],223596.989,79535813.511,1755.399,549.239,537.881,529.360,0.984,0.984,0.912,0.326,7.529
84,462160.917,236348921.342,2528.443,786.100,770.321,764.124,0.989,0.992,0.908,4713.449,7273.470,1,[95],230059.985,83009047.812,1772.285,556.621,544.336,538.149,0.986,0.989,0.920,0.351,0.000
85,861335.968,601343574.589,3538.646,1266.586,1275.559,861.393,0.991,0.674,0.864,4946.863,3200.026,2,"[96, 106]",223625.336,79551744.453,1778.144,573.593,573.878,499.780,0.982,0.865,0.889,0.132,228.182
86,471628.639,243648675.326,2545.329,795.883,780.337,769.800,0.989,0.986,0.915,4848.980,11233.972,1,[97],232724.554,84455339.151,1781.106,559.618,548.206,540.516,0.987,0.986,0.922,0.347,0.000
87,487445.972,256007995.558,2596.743,807.165,789.501,786.280,0.989,0.996,0.908,4946.863,8922.424,1,[99],235332.430,85878899.036,1791.755,560.680,548.312,546.481,0.986,0.997,0.921,0.335,0.000
88,467319.975,240317455.974,2534.680,798.905,787.433,755.758,0.989,0.960,0.914,4976.981,12099.862,1,[100],252737.165,95580096.424,1860.055,597.870,584.582,550.505,0.986,0.942,0.918,0.398,10.648
89,514601.894,277696797.453,2683.756,829.507,812.126,806.959,0.988,0.993,0.898,5022.158,1234.833,1,[103],240548.181,88749704.508,1819.289,567.065,556.367,550.523,0.984,0.989,0.913,0.320,7.529
91,427464.832,210239534.795,2421.960,759.320,741.054,734.798,0.990,0.991,0.916,5007.099,2025.428,1,[101],220535.570,77907948.784,1734.103,549.703,537.381,522.565,0.985,0.972,0.922,0.371,7.529
92,392825.441,185209479.017,2329.023,734.346,715.888,698.867,0.987,0.976,0.910,5014.628,9841.020,1,[104],209310.366,72036052.618,1682.688,539.028,528.706,504.106,0.987,0.953,0.929,0.389,0.000
94,476674.312,247569091.318,2571.036,799.437,785.474,772.933,0.988,0.984,0.906,5127.570,4705.920,1,[105],232837.940,84517067.988,1776.696,559.618,545.856,543.144,0.987,0.995,0.927,0.341,7.529
95,492094.794,259679075.222,2615.456,812.520,793.014,790.312,0.988,0.996,0.904,5240.513,8094.182,1,[107],239981.251,88436138.427,1811.224,566.064,553.979,551.624,0.986,0.996,0.919,0.341,10.648
96,887528.110,628980202.535,3663.842,1344.765,1367.745,829.124,0.989,0.604,0.831,5481.456,10721.968,2,"[108, 114]",221385.964,78361367.861,1747.113,566.430,564.290,501.497,0.985,0.885,0.911,0.125,265.824
97,459949.892,234654875.470,2513.384,787.757,773.223,757.506,0.989,0.980,0.915,5300.748,6076.284,1,[109],223540.296,79505566.007,1740.340,552.327,539.422,527.670,0.987,0.978,0.927,0.339,7.529
98,453997.132,230114224.188,2689.459,878.886,791.723,735.449,0.960,0.922,0.789,5376.043,3960.502,1,[110],227452.110,81601615.101,1755.399,556.621,545.947,530.506,0.988,0.972,0.928,0.355,7.529
99,421001.836,205489570.981,2399.907,755.540,744.822,719.819,0.990,0.966,0.919,5398.631,6859.349,1,[111],227395.417,81571107.924,1761.637,562.699,550.176,526.307,0.986,0.957,0.921,0.397,0.000
100,470948.324,243121677.584,2553.393,797.591,785.273,763.989,0.989,0.972,0.908,5609.457,9359.134,1,[112],236863.139,86718153.451,1797.992,563.555,553.339,545.040,0.986,0.985,0.921,0.357,7.529
101,463408.162,237306327.404,2540.918,792.922,777.258,759.410,0.988,0.977,0.902,5632.045,11663.152,1,[113],233121.405,84671455.837,1781.106,560.427,549.366,540.351,0.987,0.983,0.923,0.357,0.000
102,499918.421,265896432.094,2611.802,825.499,806.328,789.548,0.990,0.979,0.921,5782.634,1513.424,1,[116],235729.280,86096222.209,1791.755,562.699,550.781,544.977,0.986,0.989,0.923,0.324,0.000
103,497990.860,264360070.341,2618.040,816.974,804.148,788.683,0.990,0.981,0.913,5782.634,707.770,1,[115],242135.583,89629655.100,1817.462,570.752,560.367,550.230,0.986,0.982,0.921,0.339,7.529
104,471401.868,243472967.151,2554.150,792.922,781.570,768.222,0.988,0.983,0.908,5805.223,2319.077,1,[118],231817.467,83962050.047,1776.696,559.618,546.674,539.944,0.986,0.988,0.923,0.345,0.000
105,846142.258,585502667.199,3525.101,1244.005,1253.419,860.673,0.989,0.686,0.856,6016.048,12604.336,2,"[117, 127]",244545.034,90970823.552,1866.293,615.071,614.296,510.169,0.982,0.825,0.883,0.155,239.264
106,426444.359,209487137.145,2429.268,758.125,742.589,731.300,0.987,0.985,0.908,5888.047,5451.338,1,[119],219571.790,77397799.529,1731.519,545.874,535.172,522.492,0.985,0.976,0.920,0.369,7.529
107,463124.697,237088621.844,2525.859,784.114,771.231,764.674,0.989,0.991,0.912,5910.636,8636.304,1,[120],228415.890,82120818.469,1766.047,553.711,542.913,535.706,0.985,0.987,0.920,0.346,7.529
108,467263.282,240273726.112,2536.507,794.636,780.518,762.355,0.989,0.977,0.913,5955.812,4675.802,1,[121],229663.135,82794356.086,1770.458,553.967,543.302,538.304,0.986,0.991,0.921,0.345,7.529
109,475880.611,246951014.945,2560.388,802.269,787.094,770.008,0.989,0.978,0.912,5993.460,7800.533,1,[123],225127.699,80353944.122,1744.751,549.239,537.082,533.721,0.988,0.994,0.929,0.325,7.529
110,464485.328,238134215.708,2524.032,792.027,779.562,758.821,0.990,0.973,0.916,5978.401,10097.022,1,[122],225297.778,80445019.679,1755.399,552.737,542.180,529.107,0.984,0.976,0.919,0.338,7.529
111,482003.449,251732343.588,2586.095,803.681,786.968,780.203,0.988,0.991,0.906,6068.754,6219.344,1,[124],232894.633,84547938.044,1781.106,557.028,546.596,542.508,0.987,0.993,0.923,0.336,0.000
113,451445.950,228177302.535,2498.325,778.600,763.161,753.368,0.989,0.987,0.909,6151.579,7002.409,1,[125],228585.969,82212556.485,1768.631,560.680,549.900,529.305,0.985,0.962,0.918,0.360,0.000
114,476164.075,247171697.384,2867.047,900.299,802.585,762.807,0.956,0.941,0.728,6159.108,3636.735,1,[126],235162.351,85785816.595,1785.517,563.555,552.057,542.402,0.988,0.982,0.927,0.347,7.529
115,475427.067,246598059.740,2565.869,799.721,785.294,770.958,0.989,0.982,0.907,6377.463,2868.729,1,[128],241398.575,89220746.733,1813.051,570.503,559.501,549.391,0.986,0.982,0.923,0.362,0.000
116,473726.278,245275977.428,2554.150,801.986,786.619,767.474,0.989,0.975,0.913,6407.581,11904.095,1,[129],228699.355,82273734.126,1766.047,559.060,548.439,530.976,0.986,0.968,0.921,0.335,0.000
117,934583.258,679658566.726,3698.057,1315.655,1317.635,903.717,0.991,0.685,0.859,6633.465,9532.312,2,"[130, 140]",234708.807,85576034.356,1811.381,590.488,589.159,510.286,0.985,0.861,0.899,0.126,251.843
118,450765.634,227661712.468,2500.152,778.600,763.080,752.272,0.988,0.986,0.906,6497.934,11128.560,1,[131],224957.620,80262902.962,1750.988,549.703,539.113,531.347,0.986,0.985,0.922,0.353,7.529
119,466809.739,239923982.732,2532.097,802.127,789.694,752.779,0.989,0.953,0.915,6520.523,436.709,1,[132],238280.463,87497662.924,1802.403,574.465,564.781,537.230,0.987,0.951,0.922,0.365,0.000
120,422589.239,206652874.554,2440.673,762.078,740.985,726.775,0.986,0.980,0.891,6558.170,1204.716,1,[133],226828.487,81266245.378,1759.810,559.466,547.531,527.532,0.986,0.963,0.920,0.393,0.000
121,477014.470,247834138.806,2560.388,801.173,783.732,775.133,0.989,0.989,0.914,6625.935,8320.067,1,[134],236579.675,86562530.778,1797.992,566.515,556.389,541.421,0.985,0.973,0.920,0.349,7.529
122,885430.471,626751664.244,3655.464,1313.780,1332.505,847.745,0.989,0.635,0.833,6904.526,5037.217,2,"[135, 145]",226233.211,80952421.223,1782.555,576.716,574.591,503.926,0.983,0.873,0.895,0.129,256.363
123,514034.965,277238022.032,2679.346,836.721,815.146,803.159,0.987,0.985,0.900,6753.936,7529.472,1,[136],242702.513,89944623.838,1823.700,569.708,558.469,553.370,0.985,0.991,0.917,0.324,7.529
124,489260.146,257438538.756,2600.397,809.024,792.538,786.188,0.989,0.992,0.909,6791.584,4186.386,1,[137],231137.151,83592715.848,1776.696,557.028,546.174,538.851,0.986,0.987,0.920,0.325,0.000
125,470551.473,242814437.936,2548.983,793.458,778.943,769.301,0.990,0.987,0.910,6806.643,5925.694,1,[138],228245.811,82029114.601,1772.285,555.857,543.692,534.543,0.984,0.983,0.913,0.338,10.648
126,448781.381,226160130.665,2480.682,775.207,760.707,751.389,0.990,0.987,0.916,6836.761,10443.378,1,[139],228189.118,81998554.236,1759.810,555.397,545.141,533.021,0.987,0.978,0.926,0.363,0.000
127,855326.516,595061295.756,3598.568,1304.512,1317.854,828.070,0.989,0.627,0.830,7145.469,6663.583,2,"[141, 151]",220110.373,77687105.608,1743.837,565.875,555.501,506.961,0.987,0.912,0.910,0.131,256.054
128,436138.854,216671089.317,2453.148,780.055,764.507,726.606,0.988,0.950,0.911,6919.585,3425.910,1,[142],232214.317,84177745.504,1779.279,591.435,579.131,511.030,0.987,0.882,0.922,0.389,0.000
129,463068.004,237045088.725,2530.270,798.905,788.469,748.161,0.989,0.948,0.909,6964.762,12513.982,1,[143],234765.500,85568755.132,1789.928,569.559,556.650,537.064,0.986,0.965,0.921,0.361,0.000
130,482173.528,251865594.055,2569.209,808.849,788.139,779.135,0.990,0.988,0.918,7040.056,1814.603,1,[144],232894.633,84547938.044,1779.279,564.710,553.011,536.287,0.986,0.970,0.924,0.336,7.529
131,449178.232,226460181.988,2500.152,776.266,762.124,750.557,0.987,0.985,0.903,7152.998,2703.080,1,[146],230513.529,83254636.611,1772.285,561.135,548.569,535.041,0.987,0.975,0.922,0.368,7.529
132,445436.497,223636402.704,2468.207,770.696,757.030,749.439,0.990,0.990,0.919,7183.116,11761.035,1,[147],229889.907,82917014.379,1776.696,553.762,542.349,539.739,0.984,0.995,0.915,0.371,0.000
134,457852.253,233051462.950,2521.449,788.620,776.295,751.060,0.988,0.967,0.905,7258.411,865.889,1,[149],224730.848,80141568.277,1744.751,553.711,542.331,527.622,0.987,0.973,0.928,0.344,0.000
135,481209.748,251110818.960,2564.798,801.668,786.918,778.730,0.990,0.989,0.919,7280.999,8945.013,1,[150],227225.338,81479609.210,1761.637,551.505,540.540,535.242,0.985,0.990,0.920,0.324,7.529
136,487616.051,256141996.078,2600.397,815.758,800.126,776.225,0.989,0.970,0.906,7521.943,10865.028,1,[152],233631.641,84949590.538,1787.344,559.668,550.013,540.847,0.986,0.983,0.919,0.332,10.648
137,436762.476,217135973.061,2465.623,767.009,756.798,734.868,0.987,0.971,0.903,7537.001,7424.059,1,[154],226261.558,80961763.578,1753.572,559.466,546.842,526.937,0.986,0.963,0.925,0.373,0.000
138,460063.278,234741650.770,2526.616,795.741,770.397,760.652,0.987,0.987,0.906,7552.060,3915.325,1,[155],232044.239,84085282.007,1782.933,559.466,547.712,539.450,0.985,0.985,0.917,0.358,7.529
139,901644.655,644046046.549,3630.070,1288.618,1298.608,885.145,0.991,0.681,0.860,7702.650,13304.577,2,"[153, 162]",258434.806,98844630.724,1905.389,629.411,627.601,528.378,0.986,0.836,0.894,0.153,244.824
140,457455.402,232748527.086,2504.563,780.200,764.387,762.174,0.989,0.997,0.916,7559.590,8207.124,1,[156],229039.512,82457358.041,1766.047,552.891,540.975,539.085,0.986,0.996,0.923,0.354,7.529
141,445039.647,223337604.290,2483.266,774.036,758.143,747.571,0.987,0.986,0.907,7604.767,5549.221,1,[157],232441.089,84301082.848,1782.933,562.699,551.007,537.145,0.985,0.975,0.919,0.377,0.000
142,466072.730,239356012.056,2525.859,792.027,777.453,763.643,0.990,0.982,0.918,7747.827,1453.188,1,[159],230173.371,83070422.337,1776.696,559.060,548.460,534.384,0.985,0.974,0.916,0.347,0.000
143,441127.833,220399442.213,2459.386,772.643,752.688,746.477,0.989,0.991,0.916,7740.297,2221.194,1,[158],228245.811,82029114.601,1766.047,553.967,543.228,535.017,0.985,0.985,0.920,0.372,0.000
144,477581.399,248276094.644,2575.447,798.266,784.036,775.863,0.988,0.989,0.905,7747.827,10029.257,1,[160],235729.280,86096222.209,1791.755,562.699,550.057,545.673,0.986,0.992,0.923,0.347,0.000
145,504113.699,269250519.019,2631.272,826.632,809.452,793.397,0.989,0.980,0.915,7770.415,12355.864,1,[161],239471.015,88154245.432,1806.814,567.964,555.397,549.022,0.987,0.988,0.922,0.327,7.529
146,452409.730,228908386.996,2500.152,774.658,761.222,756.781,0.988,0.994,0.910,7883.357,4645.684,1,[163],226148.172,80900912.950,1761.637,549.703,538.444,534.782,0.984,0.993,0.916,0.353,10.648
147,458645.954,233657728.566,2530.270,792.922,778.139,750.644,0.986,0.964,0.900,7913.475,444.239,1,[164],248541.887,93210145.587,1843.169,586.526,577.045,548.466,0.987,0.950,0.919,0.399,10.648
148,495156.213,262106112.714,2607.392,816.661,804.765,783.601,0.990,0.973,0.915,7928.534,3215.085,1,[166],230400.143,83193216.741,1770.458,555.602,542.731,540.569,0.986,0.996,0.924,0.317,0.000
149,442715.236,221590175.954,2470.034,775.207,762.099,739.779,0.989,0.971,0.912,7936.063,11565.269,1,[165],221952.894,78660194.817,1734.103,545.874,532.954,530.318,0.987,0.995,0.928,0.355,7.529
150,445209.725,223465644.447,2483.266,776.120,762.109,744.000,0.987,0.976,0.907,8049.006,9291.368,1,[167],230967.073,83500467.132,1776.696,561.135,550.412,534.323,0.985,0.971,0.919,0.374,0.000
151,480245.968,250356799.330,2568.452,812.695,796.153,768.406,0.990,0.965,0.915,8116.771,6151.579,1,[168],242192.276,89661135.398,1821.873,576.288,562.784,548.009,0.985,0.974,0.917,0.358,10.648
152,460743.593,235262527.095,2528.443,789.159,776.233,756.041,0.988,0.974,0.906,8124.300,6927.114,1,[169],237486.762,87060851.133,1800.576,575.894,567.348,533.007,0.986,0.939,0.921,0.370,0.000
153,450312.091,227318201.810,2491.331,778.600,765.532,749.123,0.989,0.978,0.912,8237.242,7747.827,1,[170],244233.223,90796876.794,1832.521,579.182,569.884,545.739,0.984,0.958,0.914,0.399,0.000
154,516699.534,279396463.369,2665.044,836.721,821.498,801.122,0.990,0.975,0.914,8282.419,8530.892,1,[171],252397.007,95387200.201,1847.580,591.435,580.508,553.626,0.989,0.954,0.929,0.341,7.529
155,428655.384,211118467.739,2425.614,758.386,744.189,733.512,0.989,0.985,0.916,8305.008,10706.909,1,[172],226431.637,81053068.112,1764.220,549.703,537.643,536.315,0.984,0.997,0.914,0.384,7.529
156,451105.792,227919458.903,2493.914,775.207,760.645,755.226,0.989,0.993,0.911,8350.184,3930.384,1,[173],221442.657,78389108.712,1735.930,542.801,532.745,529.251,0.986,0.993,0.923,0.344,0.000
157,436082.161,216628843.630,2444.327,763.416,750.914,739.569,0.989,0.985,0.917,8402.891,2582.609,1,[174],219628.483,77427777.373,1729.692,549.703,537.432,520.342,0.985,0.968,0.922,0.357,7.529
158,423382.940,207235346.707,2409.798,757.938,742.536,726.054,0.989,0.978,0.916,8402.891,5270.630,1,[175],224787.541,80171896.212,1740.340,555.397,545.075,525.131,0.988,0.963,0.933,0.387,10.648
159,476050.689,247083416.523,2581.684,810.285,799.868,758.183,0.988,0.947,0.898,8425.479,1016.479,1,[176],241455.268,89252179.091,1811.224,577.221,563.501,545.669,0.987,0.968,0.925,0.361,0.000
160,416863.251,202466985.634,2392.912,757.826,736.312,721.061,0.988,0.979,0.915,8425.479,12928.103,1,[177],228756.048,82304328.635,1766.047,559.466,549.433,530.273,0.986,0.965,0.922,0.407,7.529
161,817398.933,555923329.692,3451.006,1239.164,1248.570,834.927,0.990,0.668,0.862,8651.363,1799.544,2,"[178, 185]",220960.767,78133393.170,1744.973,580.965,580.557,488.335,0.988,0.836,0.912,0.141,237.474
162,498727.869,264947152.332,2624.277,819.088,802.027,791.892,0.989,0.987,0.910,8545.951,9901.256,1,[179],240321.409,88624233.684,1813.051,569.708,558.289,548.118,0.985,0.982,0.919,0.334,0.000
163,489940.462,257975677.132,2609.218,809.725,795.441,784.331,0.988,0.986,0.904,8561.010,12182.686,1,[180],240831.646,88906626.224,1817.462,567.065,556.555,550.993,0.985,0.990,0.916,0.345,7.529
164,481719.984,251510311.717,2595.986,803.222,787.963,778.628,0.987,0.988,0.898,8696.540,11384.562,1,[181],231363.923,83715766.938,1776.696,556.621,545.638,539.918,0.986,0.989,0.921,0.333,0.000
165,454337.290,230372892.507,2500.152,785.992,764.247,757.062,0.988,0.990,0.913,8734.188,3267.791,1,[182],228869.433,82365529.027,1770.458,553.711,541.574,538.138,0.984,0.994,0.918,0.358,0.000
166,466186.116,239443362.951,2524.032,795.776,780.616,760.564,0.989,0.974,0.920,8756.776,4585.448,1,[183],240208.023,88561520.464,1815.635,567.964,556.111,550.025,0.985,0.989,0.916,0.370,7.529
167,475823.918,246906886.342,2564.798,800.040,786.758,770.175,0.989,0.979,0.909,8862.189,5895.577,1,[184],254324.567,96481994.330,1858.228,593.683,581.710,556.725,0.988,0.957,0.926,0.391,7.529
168,433417.592,214646396.901,2438.089,771.982,751.348,734.886,0.990,0.978,0.916,8952.542,9223.603,1,[186],249052.123,93497322.266,1849.407,584.784,575.943,550.755,0.985,0.956,0.915,0.436,0.000
169,433871.136,214983405.466,2447.667,769.628,753.429,733.870,0.988,0.973,0.910,9065.484,13334.695,1,[187],234028.492,85166127.634,1785.517,562.699,551.606,540.224,0.986,0.979,0.922,0.396,0.000
170,454620.755,230588523.423,2507.146,777.397,764.214,757.806,0.989,0.991,0.909,9095.602,10699.380,1,[188],234595.421,85475784.920,1785.517,564.359,553.474,539.719,0.987,0.975,0.925,0.371,7.529
171,460233.357,234871833.771,2517.795,784.837,768.241,762.962,0.989,0.993,0.912,9185.956,3907.796,1,[189],232781.247,84486201.690,1789.928,564.710,549.669,539.418,0.985,0.981,0.913,0.360,0.000
172,456945.166,232359231.165,2515.211,799.862,786.085,740.297,0.988,0.942,0.908,9216.074,5225.454,1,[191],244970.231,91208175.341,1829.937,595.733,587.271,531.390,0.987,0.904,0.919,0.393,0.000
173,468340.448,241105046.930,2540.918,791.490,778.947,765.656,0.989,0.983,0.912,9208.544,1076.714,1,[190],253247.401,95869684.204,1858.228,586.526,575.769,560.073,0.987,0.973,0.922,0.398,0.000
174,463464.855,237349876.509,2524.032,796.987,782.963,753.724,0.989,0.963,0.914,9253.721,14117.760,1,[192],248882.044,93401563.989,1855.644,589.274,580.250,546.176,0.984,0.941,0.908,0.394,0.000
175,494135.740,261296264.123,2618.040,813.218,800.171,786.416,0.989,0.983,0.906,9351.604,9953.962,1,[194],265719.850,103038564.208,1905.232,606.345,592.792,570.780,0.986,0.963,0.920,0.394,7.529
176,474009.743,245496159.931,2556.734,799.721,783.483,770.730,0.988,0.983,0.911,9344.075,12273.039,1,[193],235502.508,85972015.120,1791.755,563.152,550.461,544.766,0.986,0.990,0.922,0.350,0.000
177,459779.813,234524732.573,2524.032,785.451,770.900,759.635,0.988,0.985,0.907,9389.252,2379.313,1,[195],229039.512,82457358.041,1759.810,556.621,543.543,536.552,0.988,0.987,0.929,0.352,7.529
178,491697.943,259365010.649,2594.160,824.950,808.758,774.286,0.990,0.957,0.918,9494.664,11497.504,1,[196],242929.285,90070714.421,1823.700,577.172,564.950,547.512,0.985,0.969,0.918,0.347,0.000
179,430186.094,212250318.895,2419.376,759.320,742.134,738.212,0.990,0.994,0.924,9562.429,3169.908,1,[197],226148.172,80900912.950,1759.810,549.703,539.074,534.201,0.985,0.991,0.918,0.381,0.000
180,454280.597,230329774.394,2504.563,786.424,771.126,750.196,0.988,0.973,0.910,9592.547,4570.390,1,[198],245480.467,91493283.256,1834.348,581.673,570.898,547.504,0.985,0.959,0.917,0.397,7.529
183,453827.054,229984926.358,2493.914,788.297,772.870,747.769,0.989,0.967,0.917,9728.078,1664.013,1,[200],226374.944,81022629.456,1757.226,556.621,545.765,528.144,0.986,0.968,0.921,0.352,0.000
184,432397.119,213888772.302,2440.673,764.603,747.244,736.992,0.989,0.986,0.912,9728.078,12935.633,1,[201],223653.682,79566064.851,1744.751,549.703,539.319,528.119,0.986,0.979,0.923,0.372,0.000
185,438916.808,218744488.122,2457.559,781.688,763.329,732.390,0.987,0.959,0.913,9848.549,10804.792,1,[202],254664.725,96675625.233,1868.876,601.793,590.634,549.219,0.986,0.929,0.916,0.442,7.529
186,461990.838,236218465.958,2525.859,787.289,770.421,763.739,0.989,0.991,0.910,9908.785,13673.521,1,[203],233518.255,84887756.553,1789.171,562.699,549.249,541.395,0.985,0.986,0.917,0.359,0.000
187,490053.848,258065236.471,2601.154,814.924,799.298,780.793,0.989,0.977,0.910,10014.198,3809.913,1,[204],248541.887,93210145.587,1843.169,581.088,569.491,555.849,0.986,0.976,0.919,0.361,0.000
188,469927.851,242331894.503,2536.507,794.172,777.610,769.554,0.990,0.990,0.918,10104.551,12077.273,1,[205],248088.343,92955124.758,1844.996,576.435,564.012,560.088,0.985,0.993,0.916,0.384,7.529
189,413178.209,199788236.772,2403.561,763.156,743.824,707.999,0.985,0.951,0.899,10142.199,14403.880,1,[206],228756.048,82304328.635,1779.279,564.309,552.350,527.391,0.982,0.955,0.908,0.412,10.648
190,481890.063,251643523.003,2594.160,804.527,791.526,775.349,0.987,0.979,0.900,10179.846,2304.018,1,[207],238677.314,87716341.935,1806.814,564.359,551.950,550.627,0.986,0.998,0.919,0.349,0.000
191,471515.253,243560815.957,2564.042,799.437,782.187,767.905,0.987,0.981,0.901,10345.495,3072.025,1,[208],230570.222,83285352.212,1772.285,557.028,544.871,538.799,0.986,0.989,0.922,0.342,0.000
193,485405.026,254401813.789,2598.570,815.133,797.170,775.606,0.988,0.973,0.903,10511.143,12920.574,1,[210],234255.264,85289945.592,1791.755,563.152,551.583,540.757,0.985,0.980,0.917,0.335,0.000
194,474519.980,245892654.354,2545.329,799.437,785.428,769.370,0.989,0.979,0.920,10556.320,1588.719,1,[211],237033.218,86811571.769,1802.403,564.309,554.165,544.609,0.985,0.983,0.917,0.353,10.648
196,488409.752,256767640.792,2606.635,809.725,791.677,785.716,0.988,0.992,0.903,10804.792,3696.971,1,[214],264415.912,102281050.695,1894.584,595.400,585.321,575.199,0.988,0.983,0.926,0.398,16.836
197,464938.871,238483087.678,2557.804,794.707,783.091,756.813,0.986,0.965,0.893,10812.322,850.830,1,[213],258066.302,98619034.906,1885.762,593.254,584.353,562.328,0.985,0.962,0.912,0.414,7.529
198,384945.121,179664399.224,3299.079,846.019,844.305,708.959,0.807,0.688,0.444,10880.087,14622.235,1,[215],171156.012,53266239.520,1805.743,562.245,599.148,417.023,0.853,0.607,0.660,0.296,38.393
